2025-07-22 19:49:41,100
2025-07-22 19:53:45,60
2025-07-22 19:56:36,60
2025-07-22 20:02:51,60
2025-07-22 20:16:39,60
2025-07-23 01:45:56,0
2025-07-23 01:47:57,0
2025-07-23 01:59:46,60
2025-07-23 02:00:19,0
2025-07-23 02:17:40,60
2025-08-08 17:02:19,60
2025-08-08 17:11:12,60
2025-08-09 15:08:06,60
2025-08-09 15:09:23,60
2025-08-09 15:21:18,60
2025-08-09 15:28:32,60
2025-08-09 16:54:37,60
2025-08-09 16:54:46,60
2025-08-09 17:02:58,60
2025-08-09 17:08:37,60
2025-08-09 17:10:13,60
2025-08-09 17:37:11,60
2025-08-09 19:21:56,60
2025-08-09 19:43:58,60
2025-08-09 19:59:44,60
2025-08-11 15:48:39,60
2025-08-11 15:51:29,60
2025-08-11 15:54:13,60
2025-08-28 20:12:26,60
2025-08-28 23:03:21,60
2025-08-28 23:06:30,60
2025-08-28 23:07:26,60
2025-08-29 00:13:41,60
2025-08-29 00:14:19,60
2025-08-29 00:25:05,60
2025-08-29 00:30:22,60
2025-08-29 00:52:16,60
2025-08-29 01:53:09,60
2025-08-29 01:56:40,60
2025-08-29 01:59:30,0
2025-08-29 02:00:51,60
2025-08-29 02:06:46,60
2025-08-29 02:07:11,60
2025-08-29 02:08:54,60
2025-08-29 02:16:35,60
2025-08-29 02:29:36,60
2025-08-29 02:32:29,60
2025-08-29 02:33:51,60
2025-08-29 02:34:16,60
2025-08-29 02:39:23,60
2025-08-29 02:40:07,60
2025-08-29 16:38:39,60
2025-08-29 16:41:46,60
2025-08-29 16:43:13,60
2025-08-29 16:44:26,60
2025-08-29 16:45:00,60
2025-08-29 16:51:03,60
2025-08-29 16:52:49,60
2025-08-29 16:54:55,60
2025-08-30 19:07:26,60
2025-08-30 19:28:52,60
2025-08-30 19:44:53,60
2025-08-30 19:51:06,60
2025-08-27 23:18:59,60
2025-08-28 20:39:37,60
2025-08-28 22:09:45,60
2025-08-28 22:26:36,60
2025-08-28 22:42:59,60
2025-08-28 22:44:46,60
2025-08-28 22:48:06,0
2025-08-28 23:32:55,60
2025-08-28 23:39:48,60
2025-08-29 17:54:14,0
2025-08-29 18:09:06,0
2025-08-29 18:12:36,0
2025-08-29 18:17:34,60
2025-08-29 18:25:27,0
2025-08-29 20:08:51,60
2025-08-29 20:35:12,0
2025-08-31 16:07:03,60
2025-08-31 17:59:41,60
2025-09-01 23:03:08,60
2025-09-01 23:13:20,61
2025-09-01 23:22:34,60
2025-09-01 23:24:02,60
2025-09-01 23:24:58,60
2025-09-01 23:27:44,60
2025-09-03 22:39:08,68
2025-09-03 23:33:32,61
2025-09-03 23:59:15,60
2025-09-04 00:15:00,60
2025-09-04 16:20:42,91
2025-09-04 17:07:44,84
2025-09-04 17:34:29,93
2025-09-04 17:42:01,94
2025-09-04 17:46:11,82
2025-09-04 17:49:52,92
2025-09-04 17:52:39,89
2025-09-04 18:12:12,100
2025-09-04 18:19:49,100
2025-09-04 18:24:50,95
2025-09-04 18:29:20,91
2025-09-04 18:37:21,85
2025-09-05 20:41:22,93
2025-09-05 20:50:38,80
2025-09-06 17:29:19,99
2025-09-06 17:35:51,86
2025-09-06 17:40:47,92
2025-09-06 17:47:39,87
2025-09-06 18:14:48,95
2025-09-06 18:23:11,89
2025-09-06 22:21:17,94
2025-09-07 17:22:21,80
2025-09-07 17:28:12,77
2025-09-07 17:58:26,93
2025-09-08 18:36:05,100
2025-09-08 18:47:59,89
2025-09-08 18:53:55,89
2025-09-08 18:56:39,94
2025-09-08 19:00:20,82
2025-09-08 22:09:38,89
2025-09-08 22:15:21,95
2025-09-08 22:23:23,86
2025-09-08 22:49:06,99
2025-09-09 16:36:00,94
2025-09-09 16:47:01,82
2025-09-09 22:14:06,100
2025-09-09 22:25:18,94
2025-09-09 23:48:12,95
2025-09-10 00:05:17,92
2025-09-10 00:09:23,80
2025-09-10 00:12:15,74
2025-09-10 00:19:42,97
2025-09-10 00:28:12,98
2025-09-10 00:42:32,97
2025-09-10 00:50:30,94
2025-09-10 00:57:26,92
2025-09-10 01:08:44,94
2025-09-10 01:17:02,94
2025-09-10 01:24:50,93
2025-09-10 01:27:54,91
2025-09-10 11:55:46,87
2025-09-10 12:07:14,90
2025-09-10 18:35:22,95
2025-09-10 18:51:07,88
2025-09-10 19:00:05,79
2025-09-10 22:53:26,83
2025-09-10 23:04:17,87
2025-09-10 23:28:51,94
2025-09-10 23:38:50,92
2025-09-10 23:43:50,94
2025-09-10 23:49:45,95
2025-09-10 23:58:20,100
2025-09-12 16:26:42,100
2025-09-12 16:40:44,77
2025-09-12 22:27:24,88
2025-09-12 22:50:04,90
2025-09-12 22:59:18,86
2025-09-12 23:05:10,98
2025-09-12 23:19:00,97
2025-09-12 23:24:10,96
2025-09-12 23:37:10,93
2025-09-12 23:44:36,84
2025-09-12 23:47:58,86
2025-09-12 23:57:11,87
2025-09-19 22:46:11,89
2025-09-19 22:51:42,92
2025-09-19 23:43:06,88
2025-09-20 00:00:16,99
2025-09-20 00:06:13,85
2025-09-20 00:13:44,94
2025-09-20 00:22:25,91
2025-09-20 00:28:00,91
2025-09-20 00:34:35,86
2025-09-20 00:38:57,83
2025-09-20 00:43:25,86
2025-09-20 00:48:24,91
2025-09-20 00:52:15,90
2025-09-20 00:55:41,95
2025-09-20 13:25:51,77
2025-09-20 17:54:26,94
2025-09-20 17:58:41,92
2025-09-20 18:07:10,97
2025-09-20 18:11:36,90
2025-09-20 18:15:09,93
2025-09-20 18:18:49,87
2025-09-20 18:22:28,100
2025-09-20 18:25:54,94
2025-09-20 18:31:11,94
2025-09-20 18:36:58,95
2025-09-20 23:00:56,85
2025-09-20 23:06:17,83
2025-09-20 23:11:06,84
2025-09-20 23:16:07,92
2025-09-20 23:20:28,83
2025-09-20 23:27:28,95
2025-09-20 23:31:04,90
2025-09-22 22:55:42,85
2025-09-22 22:59:24,97
2025-09-22 23:02:39,88
2025-09-22 23:05:38,93
2025-09-22 23:08:50,90
2025-09-22 23:11:49,89
2025-09-22 23:14:45,92
2025-09-22 23:17:36,94
2025-09-22 23:22:24,83
2025-09-22 23:25:30,92
2025-09-23 13:43:54,75
2025-09-23 13:53:30,65
2025-09-23 13:58:40,85
2025-09-23 14:03:37,88
2025-09-23 14:08:02,75
2025-09-23 14:12:09,91
2025-09-23 14:16:12,84
2025-09-23 14:20:37,82
2025-09-23 14:30:32,82
2025-09-23 14:34:22,95
2025-09-23 14:38:19,70
2025-09-23 14:41:50,83
2025-09-23 14:46:44,92
2025-09-23 16:37:00,91
2025-09-23 16:54:28,92
2025-09-23 16:59:31,90
2025-09-23 17:04:52,97
2025-09-23 17:10:43,92
2025-09-23 17:13:42,95
2025-09-23 17:16:22,96
2025-09-23 17:18:59,92
2025-09-23 17:21:47,87
2025-09-23 17:24:33,92
2025-09-23 17:27:09,94
2025-09-23 17:29:43,97
2025-09-23 17:32:34,89
2025-09-23 17:41:58,99
2025-09-23 17:46:58,86
2025-09-23 17:50:38,78
2025-09-23 17:53:45,92
2025-09-23 17:57:00,88
2025-09-23 18:00:07,88
2025-09-23 18:03:24,88
2025-09-23 18:06:27,95
2025-09-23 18:09:57,81
2025-09-23 18:13:13,86
